{
    "epoch_level": {
        "accuracy": 0.8051040559015646,
        "auc": 0.900745947121458,
        "f1": 0.8158461317640304
    },
    "subject_level": {
        "accuracy": 0.8571428571428571,
        "auc": 0.9438775510204082,
        "f1": 0.8571428571428571
    },
    "fold_breakdown": {
        "fold_1": {
            "epoch_auc": 0.9522228790231508,
            "epoch_acc": 0.862759643916914
        },
        "fold_2": {
            "epoch_auc": 0.9900311435806386,
            "epoch_acc": 0.9445644348452124
        },
        "fold_3": {
            "epoch_auc": 0.6865326812223059,
            "epoch_acc": 0.6540049545829892
        },
        "fold_4": {
            "epoch_auc": 0.7281121860219026,
            "epoch_acc": 0.6445283018867924
        },
        "fold_5": {
            "epoch_auc": 0.9718453370515364,
            "epoch_acc": 0.9
        }
    }
}